{
    "colors": [
        {
            "id": "1",
            "codeColor": "red"
        },
        {
            "id": "2",
            "codeColor": "green"
        },
        {
            "id": "3",
            "codeColor": "Blue"
        },
        {
            "id": "4",
            "codeColor": "yellow"
        },
        {
            "id": "5",
            "codeColor": "orange"
        },
        {
            "id": "6",
            "codeColor": "pink"
        },
        {
            "id": "7",
            "codeColor": "magenta"
        },
        {
            "id": "8",
            "codeColor": "mauve"
        },
        {
            "id": "9",
            "codeColor": "violet"
        },
        {
            "id": "10",
            "codeColor": "purple"
        },
        {
            "id": "11",
            "codeColor": "grey"
        },
        {
            "id": "12",
            "codeColor": "brown"
        },
        {
            "id": "13",
            "codeColor": "scarlet"
        },
        {
            "id": "14",
            "codeColor": "burgundy"
        },
        {
            "id": "15",
            "codeColor": "indigo"
        },
        {
            "id": "16",
            "codeColor": "turquoise"
        },
        {
            "id": "17",
            "codeColor": "mustard"
        },
        {
            "id": "18",
            "codeColor": "tan"
        },
        {
            "id": "19",
            "codeColor": "ochre"
        },
        {
            "id": "20",
            "codeColor": "teal"
        },
        {
            "id": "21",
            "codeColor": "olive"
        },
        {
            "id": "22",
            "codeColor": "silver"
        }
    ]
}